{"cameraMode":{"drawMode":0,"name":"Shaded","section":"Shading Mode"},"sceneLighting":true,"audioPlay":false,"sceneViewState":{"m_AlwaysRefresh":false,"showFog":true,"showSkybox":false,"showFlares":true,"showImageEffects":true,"showParticleSystems":true,"showVisualEffectGraphs":true,"m_FxEnabled":true},"in2DMode":false,"pivot":{"x":-0.04611338675022125,"y":0.06427620351314545,"z":13.619091987609864},"rotation":{"x":-0.28602704405784609,"y":0.08753769844770432,"z":-0.02720467373728752,"w":-0.9542382955551148},"size":2.334268808364868,"orthographic":false}