{"cameraMode":{"drawMode":0,"name":"Shaded","section":"Shading Mode"},"sceneLighting":false,"audioPlay":false,"sceneViewState":{"m_AlwaysRefresh":false,"showFog":true,"showSkybox":false,"showFlares":true,"showImageEffects":true,"showParticleSystems":true,"showVisualEffectGraphs":true,"m_FxEnabled":true},"in2DMode":false,"pivot":{"x":-0.3106355667114258,"y":-0.45085716247558596,"z":0.9535732269287109},"rotation":{"x":-0.22838813066482545,"y":-0.09008154273033142,"z":0.0209560114890337,"w":-0.9695902466773987},"size":5.405512809753418,"orthographic":false}